name,place,price
ТОП,"Київ, Голосіївський",4 000 грн.
ТОП,Мукачеве,9 500 грн.
ТОП,Гришківці,2 500 грн.
Пилосос Zelmer Aquawelt 1600 W,"Київ, Дарницький",1 500 грн.
Господарський пилосос Kärcher WD 2,"Дніпро, Індустріальний",2 000 грн.
Пилосос lg,"Львів, Шевченківський",800 грн.
Продам миючий пилосос,"Київ, Дарницький",800 грн.
Пилосос THOMAS Aqua+ pet & family,Рівне,1 500 грн.
Продам промисловий (будівельний) пилосос Karcher привезені з Німеччини,Рожище,1 500 грн.
Промисловий пилосос промышленный Kerch Tajfun 2200W 20л Польща,Нововолинськ,3 590 грн.
Автомобільний пилосос,Черкаси,1 500 грн.
Продам пилосос LG,"Київ, Деснянський",1 900 грн.
Садовий пилосос новий,Стрий,900 грн.
ТОП,Старий Самбір,500 грн.
ТОП,Нове Давидково,12 500 грн.
ТОП,Петропавлівська Борщагівка,4 400 грн.
ТОП,Дубове,4 000 грн.
ТОП,Нововолинськ,4 290 грн.
ТОП,"Київ, Печерський",3 975 грн.
Вертикальний пилосос,"Харків, Київський",1 500 грн.
Пилосос Deerma Stick Vacuum Cleaner Mini (DX115C),Обухів,500 грн.
Пилосос Pover Nano Vax,Ковель,700 грн.
Потужний пилосос без мішка,Суми,1 850 грн.
Миючий пилосос Thomas Twin Tiger,"Київ, Дарницький",3 200 грн.
Пилосос      Sencor,Іршава,900 грн.
Робот пилосос,Полтава,4 000 грн.
пилосос Електролюкс,"Кривий Ріг, Саксаганський",500 грн.
Пилосос б/у в робочому стані,Суми,1 000 грн.
Багатофункціональний миючий пилосос моющий Kerch OMEGA VC1600 1600 Вт,Нововолинськ,5 590 грн.
ТОП,Великий Житин,12 000 грн.
ТОП,"Львів, Шевченківський",4 450 грн.
Пилосос / повітродувка 3300Вт VARO,Жмеринка,1 500 грн.
"Пилосос Zelmer Aquawelt 1600W (пилосмок, пылесос)","Київ, Деснянський",2 000 грн.
Робот-пилосос Хiаоmi,"Київ, Дніпровський",2 000 грн.
Пилосос Bosch в ідеальному стані,"Львів, Сихівський",1 900 грн.
Пилосос Thomas Twin TT Aquafilter,Черкаси,2 100 грн.
Пилосос господарського класу karcher wd 3,Полтава,2 950 грн.
Продам пилосос Samsung Twin 1800W,Кременчук,1 700 грн.
Акумуляторний пилосос BOSCH BCHF2MX20 move 2in1,Володимир,1 000 грн.
Миючий пилосос ZELMER,Вишневе,2 450 грн.
Продам пилосос справний,Хмельницький,1 000 грн.
ТОП,Вишневе,2 500 грн.
ТОП,"Львів, Залізничний",2 949 грн.
ТОП,"Дніпро, Соборний",29 000 грн.
Пилосос Dyson v6,"Вінниця, Замостянський",1 250 грн.
"Пилосос  для дому, гаража, дачі",Миргород,415 грн.
Пилосос Samsung у відмінному стані,"Київ, Солом'янський",1 100 грн.
Продам пилосос Zelmer Solaris 2200W,Кременчук,950 грн.
Робот пилосос MI Robot Vacuum-Mop,"Львів, Залізничний",1 700 грн.
Пилосос Polti lecoaspira з парогенератором,Софіївська Борщагівка,7 000 грн.
Продам автомобільний пилосос,Бровари,370 грн.
ТОП,"Львів, Шевченківський",70 грн.
"Пилосос LG без мішка, з контейнером","Київ, Дніпровський",2 000 грн.
Пилосос Филипс на запчастини,Вишневе,800 грн.
Пилосос Electrolux 1800w,"Львів, Личаківський",750 грн.
Пилосос Electrolux,"Житомир, Вокзал",900 грн.
Акумуляторний пилосос dewalt dcv580.,Гаї-Гречинські,2 750 грн.
Пилосос імпортний.,"Київ, Оболонський",1 100 грн.
Пилосос Rowenta з колбою,"Львів, Франківський",1 000 грн.
"Пилосос lg, в робочому стані","Запоріжжя, Хортицький",700 грн.
Потужний пилосос  Опера,Біла Церква,1 850 грн.
Пилосос Rowenta compact power xxl,Хмельницький,1 500 грн.
ТОП,Ковель,21 000 грн.
ТОП,"Одеса, Київський",1 700 грн.
ТОП,"Київ, Деснянський",9 999 грн.
Продам пилосос бу,Дунаївці,200 грн.
Пилосос будівельний/пилосос для каміну,Холоднянське,1 500 грн.
Щітки на пилосос Thomas комплектуючі,Здолбунів,535 грн.
Пилосос Thomas по запчастинах,Хмельницький,850 грн.
Робот пилосос Samsung робот пылесос самсунг,Ірпінь,2 500 грн.
Колбовий Пилосос Rowenta,Вовчинець,1 150 грн.
Пилосос на акумуляторі,Високий,900 грн.
Пилосос акумуляторний dewalt dcv580,Гаї-Гречинські,2 650 грн.
Пилосос Samsung на запчастини,Петриків,230 грн.
Thomas DryBox Amfibia пилосос миючий 1700W,Ужгород,5 000 грн.
ТОП,"Київ, Дарницький",4 000 грн.
ТОП,Мукачеве,13 900 грн.
ТОП,Ізмаїл,4 000 грн.
ТОП,"Київ, Святошинський",1 000 грн.
ТОП,Деражня,7 999 грн.
ТОП,Суми,900 грн.
Rowenta пилосос пилосмок пылосос,Мукачеве,1 800 грн.
Пилосос Zelmer  на запчастини,Самбір,100 грн.
Миючий пилосос Thomas Parkett Master XT,Нововолинськ,7 000 грн.
Потужний садовий пилосос Einhell GC-EL 3024 E,Червоноград,800 грн.
Пилосос Rowenta,"Миколаїв, Iнгульський",980 грн.
Пилосос LG на запчастини,Соколівське,400 грн.
Продам пилосос Сатурн,Дачне,300 грн.
ТОП,"Київ, Шевченківський",5 999 грн.
ТОП,Новомосковськ,7 499 грн.
ТОП,"Харків, Салтівський",449 грн.
Пилосос Bosch...,Тернопіль,1 600 грн.
Пилосос на запчастини,"Кропивницький, Фортечний",400 грн.
Пилосос  пылесос  порохотяг,"Харків, Слобідський",1 000 грн.
Пилосос безмішковий ROWENTA ro3786ea,"Харків, Київський",999 грн.
Пилосос 70mai vacuum cleaner автомобільний,"Дніпро, Центральний",750 грн.
Karcher wd 5 пилосос,Теребовля,3 900 грн.
Пилосос Samsung,Козельщина,400 грн.
Пилосос Сатурн(Saturn),"Вінниця, Замостянський",550 грн.
Пилосос Zelmer..solaris twix по запчастинах,Здолбунів,950 грн.
Пилосос Samsung 1300w,Кременчук,370 грн.
Пилосос Акомуляторний Panasonic Artland 2in1,Ужгород,850 грн.
Пилосос акумуляторний Gorenje,Луцьк,2 500 грн.
Садовий пилосос повітродуйка,Хмельницький,1 000 грн.
Пилосос Bosch Athlet Запчастини,"Львів, Личаківський",450 грн.
Rowenta пилосос пилосмок пылосос,Мукачеве,1 800 грн.
Пилосос Simens пылесос z2.0,Рівне,800 грн.
Пилосос Miele hx1. Акумуляторний пилосос,Оконськ,7 500 грн.
Пилосос Samsung SC-4141 потужність 1600 Ват,Хмельницький,899 грн.
Пилосос Bosch Athlet 25.2 V акумуляторний бездротовий,Хмельницький,2 250 грн.
Пилесос.пилосос,Мукачеве,400 грн.
Садовий пилосос,Полтава,1 000 грн.
ТОП,"Львів, Галицький",6 999 грн.
ТОП,"Миколаїв, Заводський",9 000 грн.
ТОП,Новояворівськ,14 300 грн.
Продам пилосос ROWENTA,Снятин,2 000 грн.
Пилосос безмішковий Vitek,Козин,900 грн.
Робот-пилосос Samsung Bespoke Jet Bot VR30T80313W/UK,"Київ, Подільський",8 799 грн.
Пилосос будівельний дніпро м,"Київ, Голосіївський",4 000 грн.
пилосос машина,"Кривий Ріг, Покровський",2 200 грн.
Продам пилосос робочий,Чернігів,700 грн.
"Пральна машинка, самовивіз,пилосос","Одеса, Пересипський",2 500 грн.
Пилосос чайка 3 новий,Дрогобич,500 грн.
Пилосос Аmica...,Звягель,500 грн.
Пилосос Zelmer Aquawelt 1600W,"Київ, Голосіївський",2 100 грн.
ТОП,Гожули,500 грн.
ТОП,Ковель,24 999 грн.
пилосос для сухого та вологого прибирання Dexter 20 л.,"Київ, Дарницький",2 000 грн.
Пилосос Blumberg DM-1409 потужність 3000 Вт контейнерний без мішка,"Харків, Холодногірський",750 грн.
"Пилосос,пылесос,миючий,",Дрогобич,1 800 грн.
Робот для миття вікон оренда прокат віконний пилосос,"Львів, Сихівський","Львів, Сихівський"
Thomas Twin T2 миючий пилосос,"Київ, Оболонський",1 900 грн.
ТОП,Ставище,8 000 грн.
ТОП,"Харків, Київський",17 500 грн.
Потужний контейнерний пилосос,Луцьк,1 850 грн.
Пилосос в гарному стані,Першотравенськ,1 300 грн.
Пилосос LG VK69163N,Суми,400 грн.
"Пилосос б.в. робочий, 2 шт.",Копилів,3 000 грн.
ТОП,Михайлівці,4 950 грн.
ТОП,Полтава,470 грн.
Пилосос в машину,Ужгород,650 грн.
Пилосос LG V-C4242HD,Краматорськ,750 грн.
Пилосос Rowenta Compact Power Cyclonic,"Житомир, Вокзал",1 500 грн.
Зелмер пилосос на запчастини,Ратне,100 грн.
"Пилосос Zelmer, верхня кришка для пилососа Bosch, Zelmer,  Зелмер, Бош",Рівне,100 грн.
Пилосос Bosch series2,Луцьк,3 000 грн.
Пилосос самсунг,"Львів, Галицький",600 грн.
Акумуляторний пилосос!,Дрогобич,1 100 грн.
Пилосос Zelmer Qauos 1600w,Хмельницький,1 900 грн.
Хороший циклонний пилосос,Бар,1 100 грн.
ТОП,Нововолинськ,4 890 грн.
ТОП,Ходосівка,8 500 грн.
ТОП,Іршава,3 800 грн.
Пилосос zelmer aquawelt 1600w,Полтава,300 грн.
Садовий пилосос Новий,Бровари,1 500 грн.
Пилосос садовий,Черняхівка,1 100 грн.
Пилосос ручний Kingva VC-S1007,"Київ, Святошинський",500 грн.
Пилосос ROWENTA  RH6837WO,Чернівці,2 500 грн.
Пилосос Karcher з аквафільтром,Ірпінь,4 750 грн.
"Дитячий пилосос,",Красне,200 грн.
Пилосос Акумуляторний Dyson,Коломия,600 грн.
"Робот пилосос Xiaomi Mi Robot Vacuum S10 білий
Переглянути","Львів, Залізничний",7 500 грн.
Пилосос ремонт пылесос Біла Церква,Біла Церква,Біла Церква
ТОП,"Дніпро, Соборний",6 000 грн.
ТОП,Бровари,7 500 грн.
ТОП,Рівне,29 000 грн.
Робот пилосос mi robot vacuum-mop,Тернопіль,1 800 грн.
ТОП,"Київ, Печерський",7 950 грн.
ТОП,"Вінниця, Ленінський",1 800 грн.
ТОП,"Львів, Залізничний",4 500 грн.
Продам пилосос в робочому стані,Буча,800 грн.
Ручний пилосос Deerma,"Київ, Подільський",455 грн.
Karcher FC5 пилосос,Луцьк,3 800 грн.
Пилосос ВОSСH - стан нового,Хмельницький,2 200 грн.
Пилосос Bosch GL-30 по запчастинах,Яворів,1 000 грн.
Пилосос дніпро м,Іршава,6 500 грн.
Пилосос Samsung б/у,Чернівці,450 грн.
"Продам пилосос "" Zelmer""",Чернівці,300 грн.
Робот пилосос Xiaomi Mi Robot Vacuum X10+ білий,Страдч,23 700 грн.
Zelmer пилосос запчастини,Кременчук,150 грн.
Пилосос karcher wd3,Хирiв,2 850 грн.
Оренда миючого пилосос,Тернопіль,Тернопіль
Пилосос  Vitek водяний,Фастів,600 грн.
Пилосос Samsung і LG,"Львів, Залізничний",1 000 грн.
ТОП,Мукачеве,9 500 грн.
ТОП,"Львів, Галицький",350 грн.
ТОП,Вовчинець,1 999 грн.
Пилосос акумуляторний на акумулятор,"Львів, Залізничний",700 грн.
Робочий пилосос Zelmer,Здолбунів,750 грн.
Продаю пилосос,"Київ, Дарницький",300 грн.
Пилосос ручний для дому,"Кропивницький, Подільський",5 500 грн.
Пилосос    LG  б/у,Прилуки,1 300 грн.
Пилосос Karcher WD3,Яворів,2 899 грн.
Автомобільний пилосос на акумуляторі,Годилів,599 грн.
Миючий пилосос Thomas XT,"Київ, Дарницький",3 800 грн.
Акумуляторний ручний пилосос,Самбір,500 грн.
Акумуляторний пилосос Dyson з Німеччини,Небіжка,2 700 грн.
Пилосос в гарному стані,Чернівці,1 500 грн.
Робот-пилосос Xileshu Smart Robot XLS16 акумуляторний автоматичний пил,"Київ, Печерський",400 грн.
Пилосос акумуляторний (новий),"Київ, Подільський",4 900 грн.
Потужний  пилосос  контейнерний,"Київ, Печерський",1 750 грн.
Продам пилосос вживаний,Шевченкове,700 грн.
ТОП,"Кривий Ріг, Центрально-Міський",4 100 грн.
ТОП,Софіївська Борщагівка,18 000 грн.
Автомобільный пилосос,"Дніпро, Соборний",650 грн.
Будівельний пилосос. Оренда пилососа та електроінструменту.,Тернопіль,100 грн.
ТОП,"Харків, Салтівський",499 грн.
ТОП,Рівне,7 499 грн.
ТОП,Тернопіль,140 грн.
Пилосос вживаний,"Київ, Святошинський",500 грн.
Робот-пилосос Xiaomi Mi Robot Vacuum-Mop P,"Київ, Святошинський",5 000 грн.
Робот-пилосос Rowenta series 40,"Харків, Холодногірський",2 500 грн.
пилосос Bosch GAS 35,"Київ, Деснянський",9 200 грн.
Пилосос LG Storm Extra 1500 W,"Київ, Святошинський",500 грн.
Пилосос iRobot Roomba 880,"Житомир, Аеропорт",1 500 грн.
Пилосос AEG та Philips_ колба_ 1500watt,Дрогобич,2 500 грн.
Пилосос Rojal M1884,Рівне,230 грн.
Пилосос б/у в дуже хорошому стані,"Вінниця, Ленінський",1 000 грн.
Пилосос Lg в робочому стані,Черкаси,850 грн.
ТОП,"Київ, Оболонський",1 799 грн.
ТОП,"Дніпро, Соборний",480 грн.
ТОП,"Харків, Салтівський",2 499 грн.
Пилосос без мішка,Ужгород,1 850 грн.
Пилосос Thomas Twin TT Aquafilter,"Дніпро, Шевченківський",2 000 грн.
Пилосос б/в в робочому стані,Луцьк,1 000 грн.
Автомобільний пилосос miui xiaomi,Новояворівськ,990 грн.
Пилосос на акомуляторі  GERMANY,Дунаївці,4 500 грн.
Продам Пилосос GRUNDIG,Чернівці,2 500 грн.
Пилосос progress pc2461,Шаровечка,1 500 грн.
Миючий пилосос керхер Puzzi8/1c,"Вінниця, Замостянський",17 000 грн.
Пилосос контейнерний VOLYX GD-1605 4000 Вт,"Львів, Франківський",1 369 грн.
ТОП,Нововолинськ,4 690 грн.
ТОП,"Львів, Шевченківський",4 450 грн.
Робот-пилосос Samsung Bespoke Jet Bot VR30T80313W,"Одеса, Київський",7 500 грн.
Пилосос з аква (водяним) фільтром,"Київ, Солом'янський",1 900 грн.
Продам пилосос bosh 21.6 v  на запчастини,"Київ, Святошинський",370 грн.
Пилосос siemens пылесос,Вишгород,500 грн.
Іграшковий вакуумний пилосос 2в1,"Львів, Залізничний",750 грн.
Продам майже новий пилосос,Хмельницький,7 050 грн.
Пилосос самсуег Samsung Air Track,Малехів,999 грн.
Пилосос Karcher AD 3.200 з обдувом,Чернівці,2 700 грн.
"Миючий пилосос,,THOMAS,,","Дніпро, Соборний",2 500 грн.
Акамуляторний пилосос Дайсон V-8,Круглик,5 300 грн.
Потужний пилосос SANTOEMMA GRACE HP 2X1500 ВТ    200000 грн.,"Київ, Оболонський","Київ, Оболонський"
Пилосос AEG 2000ват,Самбір,800 грн.
Пилосос Bosch безмішковий потужний,Бровари,2 200 грн.
ТОП,"Львів, Франківський",24 738 грн.
Пилосос KARCHER DS 5600,"Київ, Дніпровський",2 200 грн.
Пилосос Samsung,Чернівці,2 500 грн.
Миючий пилосос Thomas Twin Tiger,"Київ, Шевченківський",2 500 грн.
Пилосос  KARCHER WD3,"Львів, Галицький",2 850 грн.
Продам пилосос Simens,Щирець,750 грн.
Пилосос Bosch ProSilence,Задубрівка,2 350 грн.
Karcher vc3 premium с Австрии пылесос порохотяг пилосос,"Львів, Залізничний",5 300 грн.
Пилосос Dyson,Золочів,2 700 грн.
ТОП,"Київ, Голосіївський",11 000 грн.
ТОП,Курилівка,8 000 грн.
ТОП,"Дніпро, Центральний",26 000 грн.
пилосос Dirt Devil 2400w,Дрогобич,1 600 грн.
Пилосос Siemens,Самбір,1 550 грн.
Пилосос zanussi для сухого прибирання,"Львів, Сихівський",700 грн.
Пилосос Miele,Низкиничі,2 500 грн.
Пилосос дуйка садові Електро та акумуляторні,Кіцмань,2 000 грн.
Оплата частинами! Пилосос Dyson Gen5 Outsize Absolute (447308-01),"Львів, Франківський",24 738 грн.
"Продам Пилосос промисловий, 1400 ват","Київ, Деснянський",1 900 грн.
Пилосос будівельний,Новиця,1 300 грн.
Продам пилосос Bomann та Dirt Devil,Бережани,1 200 грн.
Робот Пилосос Mi Robot Vacuum - Mop,Дрогобич,2 750 грн.
Пилосос zelmer aquawelt 1600w,"Житомир, Панчішна фабрика",2 500 грн.
ТОП,"Київ, Оболонський",8 499 грн.
Пилосос Bosh без мішка serie 2,Стрий,1 000 грн.
Пилосос електролюкс z1173,"Львів, Залізничний",300 грн.
Продам Миющий пилосос б/у,Хуст,2 000 грн.
Пилосос Miele  cx1.,Оконськ,7 000 грн.
ТОП,Кременчук,4 000 грн.
ТОП,Чернігів,600 грн.
ТОП,"Одеса, Київський",1 700 грн.
Продам пилосос новий,Лозова,2 500 грн.
Пилосос Zelmer Electronic,Тернопіль,500 грн.
Продам пилосос Miele,Тернопіль,2 500 грн.
Продам пилосос для автомойки,"Житомир, Музична фабрика",4 000 грн.
Продам Пилосос Sebo,Полонка,800 грн.
Пилосос  Rowenta RY8561WH,"Київ, Дніпровський",4 000 грн.
Продам пилосос Rowenta Compakt,Кременчук,1 000 грн.
Пилосос з аквафільтром,Добрячин,2 100 грн.
Пилосос grunhelm,Коростень,800 грн.
Робот пилосос Rowenta,Коростишів,3 500 грн.
ТОП,Полуботки,1 175 грн.
ТОП,Ковель,8 699 грн.
ТОП,"Миколаїв, Iнгульський",9 999 грн.
Пилосос Karcher WD 3 V-17/4/20,Яворів,2 800 грн.
Пилосос Thomas з парогенератором,Коцюбинське,3 500 грн.
Потужний садовий пилосос дуйка Racing,Розділ,1 999 грн.
Пилосос порохотяг мішковий silver crest Germany,Трускавець,1 500 грн.
ТОП,Сміла,2 000 грн.
ТОП,Ковель,9 099 грн.
Пилосос Буран робочій,"Київ, Святошинський",300 грн.
Пилосос вертикальний orfeld,Дубно,950 грн.
Продається пилосос,Дрогобич,1 000 грн.
Терміново Паровий пилосос Karcher,Піщане,5 000 грн.
Пилосос для автомобіля,Лозова,240 грн.
Пилосос потужний,Лубни,700 грн.
Продам пилосос Karcher WD4,Черкаси,3 500 грн.
Арианна arianna соплеотсос пилосос,"Київ, Святошинський",300 грн.
Пилосос дитячий на батарейках,"Київ, Святошинський",200 грн.
"Пилосос Bosch , пылесос на запчасти","Кропивницький, Подільський",380 грн.
ТОП,"Львів, Сихівський",6 990 грн.
ТОП,Гришківці,7 250 грн.
ТОП,"Київ, Оболонський",9 500 грн.
Пилосос Keromee.,Берегове,799 грн.
Пилосос Philips PowerGo FC8295,Винники,1 400 грн.
"Пилосос, автомобільний бездротовий.","Київ, Деснянський",300 грн.
Пилосос Bissell Spotclean Proheat 36988,"Київ, Оболонський",3 500 грн.
Пилосос zelmer voyager twix,Власівка,400 грн.
Пилосос вертикальний від сеті,Ірпінь,890 грн.
Пилосос контейнерний,Чернігів,650 грн.
Ручний пилосос r6053,Бердичів,300 грн.
Будівельний пилосос powerplus powx308,Розділ,2 200 грн.
Ручний акумуляторний пилосос Cecotec,"Львів, Залізничний",720 грн.
ТОП,"Одеса, Київський",2 360 грн.
ТОП,"Харків, Новобоварський",8 500 грн.
ТОП,Чернігів,1 400 грн.
ТОП,"Львів, Сихівський",1 799 грн.
ТОП,Городок,2 800 грн.
ТОП,"Київ, Дарницький",13 999 грн.
Пилосос акумуляторний AEG порохотяг,"Львів, Галицький",1 090 грн.
Пилосос порохотяг самсунг SAMSUNG,Дрогобич,1 150 грн.
Робот-пилосос для басейна steinbach,Ворзель,3 000 грн.
Пилосос Bosch,Чернівці,2 500 грн.
Пилосос Rowenta X-pert 160,Вишневе,2 500 грн.
Дуйка пилосос Gardenline,Бердичів,1 300 грн.
Продам  пилосос.,Тернопіль,1 300 грн.
Simac Пилосос Італія,Чернівці,2 800 грн.
Пилосос миючий Zelmer Aquawelt 1600W,Суми,2 100 грн.
Пилосос Power Cyclon 7,"Львів, Шевченківський",2 000 грн.
Пилосос промисловий,Квасилів,850 грн.
Робот-пилосос Lenovo,"Миколаїв, Iнгульський",2 000 грн.
Пилосос Samsung 1600W на запчастини,Калуш,300 грн.
ТОП,Ірпінь,3 500 грн.
ТОП,"Запоріжжя, Вознесенівський",7 800 грн.
ТОП,"Львів, Шевченківський",20 500 грн.
Пилосос Philips FC8767 cyclone5,Черкаси,900 грн.
Дитячий пилосос,"Львів, Франківський",160 грн.
Пилосос робот миючий Tesvor x500pro,"Львів, Шевченківський",3 300 грн.
Продам пилосос самсунг 1600вт.,Конотоп,400 грн.
Пилосос Philips 900W,Хмельницький,2 000 грн.
Пилосос grunhelm gvc-1605br,Полтава,1 000 грн.
Автомобільний пилосос,Виноградів,250 грн.
Пилосос в робочому стані,Вижниця,1 000 грн.
Пилосос автомобільний,"Львів, Галицький",300 грн.
aeg cx7-2-s360 пилосос,Болехів,1 020 грн.
Пилосос zelmer aquawelt,"Київ, Дарницький",1 500 грн.
Пилосос мішкового типу Privileg Daewoo з Німеччини,Рівне,1 000 грн.
"Продам пилосос Philips, електровіник на запчастини",Бориспіль,500 грн.
Авто пилосос Ideen welt,Вівся,400 грн.
Потужний пилосос  контейнерний,Рівне,1 850 грн.
Пилосос Clatronic bs 1310 на запчастини,"Київ, Святошинський",350 грн.
Пилосос / пилосмок,Полтава,1 000 грн.
Робот пилосос Roborock S6 MaxV,"Київ, Солом'янський",7 500 грн.
Насадка сама велика+пилосос durr,Нетішин,280 грн.
Будівельний пилосос Dnipro-M VCW-35SA Cyclon,"Київ, Святошинський",4 000 грн.
ТОП,"Львів, Залізничний",2 599 грн.
ТОП,Малехів,5 000 грн.
ТОП,"Львів, Галицький",6 900 грн.
Будівельний пилосос BOSCH GAS 35M AFC,"Львів, Залізничний",15 000 грн.
Пилосос Karcher WD 3 P,Ірпінь,3 499 грн.
Пилосос  Samsung,Задубрівка,1 800 грн.
dyson v 8 пилосос,Коломия,2 100 грн.
Пилосос Electrolux,Івано-Франківськ,1 000 грн.
Пилосос rowenta 2100 w,"Київ, Шевченківський",2 000 грн.
Пилосос без мішка ROWENTA Silence Force Cyclonic,Буча,5 600 грн.
Будівельний пилосос karcher wd5.400,Лубни,3 600 грн.
Автомобільний пилосос,Дунаївці,200 грн.
Пилосос. Ракета 12в,Луцьк,700 грн.
Вулична садова воздуходуйка пилосос Husgvarna120,Германівка,6 000 грн.
Пилосос пылесос Самсунг Samsung 1600 з колбою 0w,Олександрія,1 500 грн.
Вертикальний пилосос,"Житомир, Аеропорт",2 500 грн.
ТОП,"Одеса, Пересипський",3 500 грн.
ТОП,Гришківці,4 999 грн.
ТОП,"Одеса, Київський",8 000 грн.
Пилосос без мішка LG VK8820HU,"Одеса, Приморський",890 грн.
Пилосос автомобільний 12В,Трускавець,680 грн.
Робот-пилосос roborock s5,"Дніпро, Індустріальний",5 500 грн.
Автомобільний пилосос BASEUS А3 НОВИЙ,Бровари,1 800 грн.
Dyson  Пилосос,Червоноград,2 300 грн.
Пилосос Rowenta cyclonic,Слобожанське,1 700 грн.
Пилосос Festool CTL26e,Рівне,8 000 грн.
Продам Пилосос Hoover,"Львів, Сихівський",1 700 грн.
Продам садовий бензиновий пилосос,Сарни,3 000 грн.
Пилосос Samsung 1800 W,Суми,1 800 грн.
ТОП,"Київ, Святошинський",28 800 грн.
ТОП,"Харків, Салтівський",449 грн.
ТОП,"Київ, Дарницький",199 грн.
Пилосос з Німеччини,Новий Витків,1 800 грн.
"Пилосос  підсвічування, кульки, в коробці","Львів, Франківський",280 грн.
Новий ручний пилосос,Задубрівка,1 600 грн.
Пилосос акумуляторний робочий qugg,Чортків,600 грн.
Пилосос Philips FC9054/01,Гостомель,970 грн.
Пилосос Rainberg,Рівне,1 500 грн.
Миючий пилосос та пароочисник в оренду,Тернопіль,Тернопіль
Садовий пилосос дуйка Varo 3.3kw Бельгія,Розділ,2 199 грн.
ТОП,"Харків, Холодногірський",2 400 грн.
Пилосос AEG LX 7,Задубрівка,2 250 грн.
Порохотяг пилосос Liberton 1800W,Ковель,1 020 грн.
ТОП,"Київ, Деснянський",1 900 грн.
ТОП,Ужгород,15 000 грн.
ТОП,Нересниця,2 500 грн.
Пилосос контейнерний,Черкаси,1 700 грн.
Миючий пилосос ТЗ Німеччини/thomas sky xt,"Одеса, Київський",4 400 грн.
Пилосос rowenta Франція оригінал колбовий безмішковий,Хмельницький,2 700 грн.
Продам потужний пилосос Alesi,Лебедин,770 грн.
Робот - мойщик пола HOBOT LEGEE-688,Чернігів,5 400 грн.
ТОП,"Київ, Деснянський",7 000 грн.
"Акумуляторний та безмішковий електричний пилосос 22,2 В - Royal Swiss",Палло,2 700 грн.
Пилосос Dyson V6,Сопів,3 000 грн.
Контейнерний  пилосос,Черкаси,1 850 грн.
Пылесос пилосос пилосмок LG  рабочий или на разборку детали,"Запоріжжя, Вознесенівський",300 грн.
Пилосос Bosch,Луцьк,2 300 грн.
Пилосос Самсунг Samsung,"Київ, Деснянський",500 грн.
Продам пилосос Zelmer в гарному стані,"Київ, Деснянський",2 500 грн.
Миючий пилосос!,Торчин,800 грн.
Продам пилосос на запчастини,Гайсин,400 грн.
Пилосос Dewalt dwh 304,Зозів,2 600 грн.
ТОП,Луцьк,150 грн.
ТОП,Чернівці,6 500 грн.
ТОП,"Київ, Дарницький",12 700 грн.
Пилосос Karcher VC 3 (1.198-125.0),Нововолинськ,4 600 грн.
Акумуляторний пилосос Makita DCL 182 dcl 180 (без АКБ),Івано-Франківськ,1 700 грн.
KARCHER пилосос для мийки скла,Фастів,950 грн.
"Продаємо пилосос, пылесос продаем",Буча,1 500 грн.
Пилосос RGS A1856 KS,Тернопіль,Тернопіль
Carcher WD 5 пилосос carcher,Тернопіль,6 000 грн.
ТОП,Гришківці,2 500 грн.
Пилосос Samsung 1600W,Тернопіль,1 500 грн.
Пилосос Karcher SE 4001,Скнилів,5 500 грн.
Пилосос WKM,Чернівці,1 500 грн.
Пилосос LG,Старий Самбір,500 грн.
Пилосос ручка Beko VRT 61814 VR,Буча,1 000 грн.
Пилосос Vitek робочий,Кам'янське,1 000 грн.
Пилосос робочій бу,Кам'янське,800 грн.
Пилосос ровента,Чабани,2 500 грн.
Пилосос LG колбовий,Кременчук,1 799 грн.
Пилосос gorenje 2300W max,Черкаси,1 500 грн.
ТОП,Ворохта,2 990 грн.
ТОП,Тернопіль,21 500 грн.
ТОП,"Львів, Залізничний",2 699 грн.
Робот пилосос iBot Vac Pro,"Київ, Солом'янський",1 499 грн.
Пилосос Пилосос.,Коломия,1 250 грн.
Пилосос автомобільний,Луцьк,160 грн.
ТОП,Бережани,4 000 грн.
ТОП,"Дніпро, Шевченківський",7 500 грн.
Пилосос на 220         .,Делятин,350 грн.
Пилосос Philips б/в,Рівне,2 100 грн.
Мішковий пилосос Severin,Полтава,1 500 грн.
Продається пилосос,Черкаси,2 500 грн.
Dyson stowaway пилосос,Іршава,1 200 грн.
Пилосос для маленької квартири,"Житомир, Промавтоматика",1 000 грн.
Пилосос б/у робочий,"Вінниця, Ленінський",500 грн.
Пилосос karcher wd3,Хмельницький,2 500 грн.
Пилосос BASIC concept /Німеччина /,Тернопіль,1 400 грн.
Продам пилосос Samsung 1300w,Полтава,150 грн.
ТОП,Луцьк,3 700 грн.
ТОП,Тернопіль,220 грн.
ТОП,Рівне,2 200 грн.
Пилосос Samsung 1600W,Охтирка,400 грн.
ТОП,Ковель,9 099 грн.
Ручний пилосос Bosch,Золочів,750 грн.
Пилосос радянський,"Запоріжжя, Вознесенівський",600 грн.
Двигуни/порохотяги на пилосос,"Київ, Подільський",550 грн.
Пилосос дитячий Fashion великий,"Київ, Святошинський",370 грн.
Пилосос Zelmer ZVC332ST,"Київ, Дніпровський",800 грн.
Контейнерний пилосос,"Одеса, Приморський",1 850 грн.
Продам пилосос Rowenta,Черкаси,1 200 грн.
ТОП,"Київ, Голосіївський",8 800 грн.
ТОП,Ковель,2 949 грн.
ТОП,"Одеса, Київський",1 799 грн.
Samsung пилосос SC7270,Полтава,1 400 грн.
Автомобільний пилосос Black&Decker flexi auto,Коцюбинське,1 500 грн.
Бездротовий пилосос Philips PowerPro duo,Миколаїв Жовтневий,3 600 грн.
Пилосос потужний,"Житомир, Путятинка",1 850 грн.
Продам пилосос rowenta powerful extreme cyclonic,Волочиськ,1 500 грн.
Пилосос робот!!!,Хмельницький,1 400 грн.
Віконний пилосос KARCHER + подовжувальний комплект,"Львів, Франківський",2 600 грн.
"Пилосос, Пиловсмоктувач, Порохотяг, Winso, Вінсо",Тернопіль,535 грн.
Пилосос grunhelm GVC 8208,Рівне,1 500 грн.
ТОП,"Львів, Галицький",6 900 грн.
ТОП,Чернівці,6 500 грн.
ТОП,Рівне,2 000 грн.
Робот-пилосос PowerMe RoboCleaner ES-300,"Одеса, Приморський",1 000 грн.
Пилосос автомобільний Streetwize,Луцьк,250 грн.
Автомобільний пилосос VOIN,"Київ, Дніпровський",650 грн.
Автомобільний пилосос Voin vl 330,"Вінниця, Замостянський",400 грн.
Пилосос Rowenta X-FORCE,"Дніпро, Шевченківський",3 000 грн.
Пилосос OmegaHome 1250 E,Луцьк,500 грн.
Акумуляторний пилосос,Дрогобич,599 грн.
Пилосос AEG (Electrolux),Полонка,1 500 грн.
Акумуляторний пилосос Makita DCL182ZB DCL182Z,Нікополь,1 200 грн.
Промисловий пилосос Aquavac,Свалява,1 100 грн.
ТОП,Гришківці,2 850 грн.
ТОП,Гришківці,7 250 грн.
ТОП,Слобожанське,4 200 грн.
Пилосос Bosch в ідеальному стані,"Львів, Сихівський",1 900 грн.
"Пылесос, пилосос, пилосмок, PHILIPS FC 9071",Чернівці,900 грн.
Продам пилосос Samsung,Івано-Франківськ,200 грн.
Пилосос 1600w Alpari,Івано-Франківськ,500 грн.
Пилосос під ремонт або на запчастини,"Одеса, Пересипський",300 грн.
Пилосос автомобільний,"Київ, Деснянський",950 грн.
Продам пилосос не вмикається,"Вінниця, Ленінський",159 грн.
Продається пилосос автомобільний,"Київ, Дніпровський",500 грн.
Пилосос-повітродувка садовий Garden,Ковель,1 500 грн.
Іграшковий дитячий пилосос,Тальне,100 грн.
ТОП,Яворів,4 350 грн.
ТОП,"Харків, Київський",650 грн.
Bosch пилосос акумуляторний порохотяг з турбощіткою,"Львів, Шевченківський",2 300 грн.
Пилосос Miеle...,Битків,1 300 грн.
Karcher vc3  САМАЯ НОВАЯ МОДЕЛЬ порохотяг пилосос пыллесос,"Львів, Залізничний",5 350 грн.
Пилосос акумуляторний,Городок,500 грн.
Робот-пилосос миючий,Тернопіль,2 900 грн.
Пилосос безмішковий Maxxmee Hepa Німеччина,Тернопіль,1 900 грн.
Авто пилосос продам,Бережани,200 грн.
Пилосос Samsung на запчастини,Калуш,500 грн.
Продам Пилосос Electrolux,Чернівці,2 000 грн.
Пропоную пилосос,Годилів,850 грн.
ТОП,Канів,2 000 грн.
ТОП,Царичанка,80 грн.
ТОП,Чернівці,4 300 грн.
ТОП,Малехів,5 000 грн.
робот пилосос для миття вікон chovery новий,"Одеса, Пересипський",3 500 грн.
Автомобільний пилосос,Святопетрівське,1 200 грн.
"Запчастини На  аккумуляторні пилосос Electrolux ,Aeg, rowenta",Хмельницький,50 грн.
Пилосос innoliving,Луцьк,2 200 грн.
Продам новий пилосос!,Виноградів,1 000 грн.
Пилосос трость,"Кривий Ріг, Покровський",1 000 грн.
Ровента кабельна пилосос,Чернівці,2 500 грн.
Пилосос Adler AD 7036,"Львів, Залізничний",1 590 грн.
Пилосос Samsung у відмінному стані,"Київ, Дарницький",728 грн.
Пилосос Уралец добрий стан,Житомирське,600 грн.
"Пилосос для сухого прибирання BOSCH BGB2X111

41",Чернівці,2 000 грн.
Бездротовий міні пилосос для машин,Здолбунів,150 грн.
Продам пилосос Урал,Полтава,300 грн.
Пилосос 2 в 1 Gorenje,Звягель,3 000 грн.
Акумуляторний пилосос SZUK(БЕЗЩІТКОВИЙ),Дрогобич,1 600 грн.
"Ручний акумуляторний пилосос, фірма IAB",Малехів,5 999 грн.
Вертикальний пилосос Proscenic,Дубровиця,2 800 грн.
Пилосос Samsung VC-6714H,Чернігів,800 грн.
ТОП,Гришківці,4 500 грн.
ТОП,"Кропивницький, Фортечний",4 800 грн.
Пилосос Артем не дорого,"Київ, Голосіївський",800 грн.
Акумуляторний пилосос Electrolux,"Київ, Святошинський",3 500 грн.
Einhell болгарка шуруповерт пилосос акумулятор,Заболотів,5 199 грн.
Продам пилосос zelmer cyclonic 2000 на запчасти.,"Київ, Деснянський",500 грн.
Мийний пилосос+ПОДАРУНОК засіб для миття,Ковель,2 949 грн.
Samsung 1300 пилосос,Черкаси,870 грн.
Пилосос на запчастини Samsung SC4325,Чернівці,600 грн.
Пилосос циклонний,"Харків, Київський",1 350 грн.
Пилосос Philips філіпс  fc9174,"Київ, Оболонський",3 000 грн.
Пилосос dyson,Коломия,3 100 грн.
ТОП,"Дніпро, Амур-Нижньодніпровський",3 200 грн.
ТОП,Рівне,1 400 грн.
ТОП,"Київ, Шевченківський",1 187 грн.
Пилосос LG бу в гарному стані,Косівка,1 200 грн.
Німецький пилосос,"Житомир, Аеропорт",1 500 грн.
"Робот пилосос , пилосос , розумний пелосос",Тернопіль,499 грн.
Zelmer aquawelt plus миючий пилосос,Чернівці,3 200 грн.
Продам пилосос BOSH та HOOVER,"Львів, Галицький",1 000 грн.
Автомобільний акумуляторний пилосос Baseus,Ірпінь,1 500 грн.
Миючий пилосос Thomas Twin tt aquafilter,Бровари,1 999 грн.
Пилосос робочий Самовивіз м.Черкаси,Черкаси,700 грн.
ТОП,"Київ, Шевченківський",4 059 грн.
ТОП,Рівне,4 500 грн.
ТОП,"Харків, Салтівський",3 999 грн.
Миючий пилосос karcher puzzi 8/1,"Київ, Солом'янський",14 000 грн.
Пилосос промисловий Gude,Щирець,2 100 грн.
Продам Пилосос PHILIPS,Чернівці,2 500 грн.
Продам пилосос Dyson v10,Ужгород,15 000 грн.
Пилосос Karcher sv 1802,"Київ, Оболонський",4 000 грн.
Пилосос-миючий Karcher,Суми,3 200 грн.
ТОП,"Дніпро, Новокодацький",10 500 грн.
ТОП,"Київ, Подільський",250 грн.
ТОП,"Київ, Голосіївський",650 грн.
пилосос ZALMER 1800 W,Криве Озеро,900 грн.
Пилосос Thomas Twin Tiger,"Київ, Печерський",2 000 грн.
Продам пилосос 3в1,Чернівці,2 800 грн.
Пилосос швабра робочий,Сміла,520 грн.
Продам ТЕРМІНОВО робот пилосос,"Київ, Оболонський",6 000 грн.
Автомобільний пилосос,"Львів, Франківський",100 грн.
Пылесос Пилосос 5200 ватт  на 5 литров очень мощный,Полтава,2 760 грн.
Пилосос автомобільний,Самбір,550 грн.
Пилосос один раз покористувались,Перечин,1 200 грн.
Пилосос Samsung на запчастини,"Київ, Дарницький",1 000 грн.
ТОП,"Харків, Холодногірський",2 400 грн.
ТОП,Полуботки,1 375 грн.
ТОП,Пісочин,12 000 грн.
Пилосос AEG 2100ват,Луцьк,300 грн.
"Електро щітка пилосос "" Вєтєрок-3"" 55вт",Козин,315 грн.
Пилосос Samsung 1800,"Кривий Ріг, Саксаганський",2 000 грн.
Пилосос акумуляторний Quigg,"Львів, Франківський",1 780 грн.
Пилосос Karcher DS 5500,"Київ, Голосіївський",2 500 грн.
Пилосос будівельний,Тернопіль,3 000 грн.
Дитячий пилосос Playskool,"Київ, Дніпровський",220 грн.
Пилосос Bosch Бош,"Київ, Оболонський",999 грн.
Пилосос Saturn. Без шланга і щітки,"Вінниця, Замостянський",300 грн.
Пилосос для каміну пилосос для золи powerplus 3004,Зубра,1 500 грн.
ТОП,Рівне,3 750 грн.
ТОП,"Львів, Франківський",2 600 грн.
ТОП,Гришківці,3 999 грн.
Потужний пилосос,"Одеса, Приморський",2 190 грн.
Пилосос  робочий Аlesi,"Житомир, Вокзал",750 грн.
Акумуляторний пилосос Dewalt,Виноградів,3 500 грн.
Пилосос Lenmann .,Корнич,1 550 грн.
Пилосос Philips Triathlon 2000,"Київ, Дніпровський",1 500 грн.
dyson v 6 absolute + пилосос,Коломия,2 500 грн.
Пилосос Karcher VC 3,"Кривий Ріг, Покровський",3 500 грн.
Портативний пилосос як для Авто так і для Дому,Полтава,349 грн.
Пилосос домашній,Турка,800 грн.
Пилосос вуличний,Чернівці,1 300 грн.
Продам пилосос Samsung 1500,Хмельницький,600 грн.
Продам аккумуляторний пилосос Bisselll,Малехів,6 000 грн.
Миючий пилосос soteco Italy,Жмеринка,4 500 грн.
Робот пилосос Rowenta serie 75,"Київ, Печерський",4 200 грн.
Пилосос FESTOOL CTL 26 E,Косів,13 200 грн.
Миючий пилосос Bissell,"Львів, Франківський",6 000 грн.
ТОП,Івано-Франківськ,2 499 грн.
ТОП,Ковель,3 900 грн.
ТОП,"Дніпро, Центральний",5 000 грн.
Xiaomi deerma DX115C Пилосос ручний,Ужгород,850 грн.
Автомобільний Пилосос XO CZ001A 120W,"Львів, Галицький",799 грн.
"Пилосос робочий,тягне добре",Рівне,210 грн.
Віконний пилосос Kärcher,"Київ, Печерський",2 200 грн.
Пилосос Bitek,"Вінниця, Ленінський",1 900 грн.
Пилосос Severin 5> POWER snowwhite,"Вінниця, Замостянський",1 499 грн.
Пилосос Electrolux,Чернівці,2 000 грн.
Продам акумуляторний пилосос bosh на запчастини,"Київ, Святошинський",480 грн.
Пилосос для басейну,"Київ, Подільський",2 500 грн.
пилосос gorenja svc 144 fw,"Київ, Печерський",1 000 грн.
ТОП,Ковель,3 200 грн.
ТОП,Мукачеве,9 450 грн.
ТОП,Кременчук,4 000 грн.
Продам пилосос для басейна,"Київ, Дніпровський",1 300 грн.
Пилосос DNIPRO M,Старий Білоус,3 500 грн.
Zelmer порохотяг пилосмок пилосос пылесос,"Львів, Сихівський",1 999 грн.
Аккумуляторний пилосос bosch 18v-1.,Чернівці,3 100 грн.
ТОП,"Дніпро, Соборний",29 000 грн.
ТОП,"Харків, Салтівський",2 499 грн.
ТОП,"Одеса, Приморський",7 000 грн.
Dyson пилосос,"Київ, Шевченківський",5 000 грн.
"Пилосос SAMSUNG, Zanussi, bosch",Вишневе,1 500 грн.
Пилосос Grunhelm GVC8208,Канів,1 700 грн.
Пилосос SWISS PRO+,Сокаль,1 099 грн.
Пилосос Урал ( СССР),Черкаси,395 грн.
Пилосос безпровідний,Мостиська,890 грн.
Пилосос для сухого та вологого прибирання Dnipro-M VCW-20SA,"Одеса, Хаджибейський",3 750 грн.
Пилосос акумуляторний Silver Crest,Хуст,2 000 грн.
Пилосос контейнерний,"Харків, Немишлянський",1 800 грн.
Пилосос аккумуляторний Дайсон DC 30,Золочів,1 599 грн.
Ручний пилосос Electrolux LI 30 (2в1),Золочів,850 грн.
ТОП,Старий Самбір,500 грн.
ТОП,Нововолинськ,28 499 грн.
ТОП,"Київ, Деснянський",7 800 грн.
Пилосос HENRY HVR 200A,Черкаси,5 500 грн.
Миючий пилосос з аквафільтром BOSCH BWD41700,Дрогобич,4 500 грн.
Продам пилосос Tomas,Святопетрівське,3 500 грн.
"Пилосос Філіпс на запчастини Philips FC9330, FC9352",Хмельницький,200 грн.
Пилосос samsung 1600 wat без мішка і без шланга,Панасівка,600 грн.
Продам акумуляторний пилосос Rotex Rvh60-b,Городок,2 500 грн.
Пилосос fisher prісе,"Житомир, Вокзал",280 грн.
Продам Пилосос...,Вараш,1 000 грн.
Акція Мийка для вікон пилосос Karcher WV 2 Plus,Нововолинськ,2 200 грн.
Продам пилосос Євротек,Чинадієво,200 грн.
Пилосос Samsung sc6530 + доп щітка,"Київ, Печерський",2 000 грн.
ТОП,"Київ, Святошинський",3 500 грн.
ТОП,"Київ, Дарницький",8 500 грн.
ТОП,"Миколаїв, Iнгульський",2 000 грн.
Пилосос  Miele .,Бурштин,1 450 грн.
ТОП,Ковель,8 900 грн.
ТОП,Софіївська Борщагівка,160 грн.
ТОП,Нововолинськ,4 890 грн.
Потужний контейнерний пилосос,Черкаси,1 700 грн.
Робот-пилосос ILIFE Beetles,Ірпінь,2 000 грн.
"Пилосос , пилосмок Philips Power Cyclone 5","Вінниця, Ленінський",2 030 грн.
Пилосос bosch serie 2,"Дніпро, Центральний",2 400 грн.
"продам пилосос б/у, раритет",Черкаси,1 650 грн.
ТОП,"Харків, Салтівський",2 499 грн.
Продам Пилосос SIEMENS,Чернівці,2 000 грн.
Аккумуляторнии миючий пилосос 3 в 1 Sichler,Гришківці,3 100 грн.
Пилосос побутовий *Шмель*,Чернівці,800 грн.
Пилосос з аквафільтром SAMSUNG VCD9480,"Вінниця, Ленінський",1 100 грн.
Вертикальний пилосос Miele S7580,Черкаси,3 200 грн.
Робот-пилосос Samsung VR30T8013W/UK,Рівне,7 499 грн.
Пилосос LG,"Вінниця, Ленінський",1 600 грн.
"Пилосос Eta,Eta.",Градівка,400 грн.
Пилосос автомобільний,"Львів, Сихівський",630 грн.
Пилосос Dewalt 1050w,Свалява,5 500 грн.
"Пилосос, Порохотяг Будівельний промисловий Einhell",Березне,1 400 грн.
Philips пилосос,Чернівці,3 500 грн.
Пилосос Miele (модель: SDAB0),"Київ, Подільський",4 500 грн.
Акумуляторний пилосос Black+Decker,Чернівці,2 200 грн.
Продам Пилосос KOENIC,Чернівці,2 000 грн.
Пилосос Electrolux ANG1 без мішка,Лішня,3 100 грн.
Робот-пилосос RoboRock S5MAX (S5E52)  Уценка,"Київ, Голосіївський",8 400 грн.
Пилосос samsung vc2100,"Київ, Солом'янський",2 200 грн.
Пилосос промисловий Hilti,"Київ, Солом'янський",8 999 грн.
Робот пилосос з Німеччини,Коломия,2 200 грн.
ТОП,Полуботки,1 799 грн.
ТОП,"Львів, Сихівський",1 799 грн.
ТОП,"Київ, Дніпровський",7 000 грн.
ТОП,Чернігів,1 400 грн.
ТОП,"Одеса, Київський",28 000 грн.
Пилосос дитячий,Луцьк,500 грн.
Миючий пилосос Dreame,"Київ, Дніпровський",4 000 грн.
Пилосос Rowenta compact power,"Київ, Оболонський",1 800 грн.
Пилосос LG (V-3310D),"Запоріжжя, Дніпровський",220 грн.
Пилосос ручний акумуляторний FERM,Ковель,999 грн.
Пилосос LG EXTRA,Умань,650 грн.
"циклон, фільтр для пилососа, пилосос,",Долина,1 850 грн.
Продам робот-пилосос Dreame F9,"Київ, Дніпровський",6 500 грн.
Акумуляторний пилосос elektrolux електролюкс,Хуст,1 650 грн.
ТОП,"Київ, Оболонський",8 499 грн.
Автомобільний пилосмок пилосос на 12 в,Підлужжя,30 грн.
Пилосос будівельний XILTI,Пістинь,29 500 грн.
"Пилосос, повітродувка для листя,паксайд",Івано-Франківськ,2 450 грн.
Вітродуйка - пилосос воздуходуйка,Канів,1 100 грн.
Робот Пилосос Lenovo E2,"Львів, Франківський",3 600 грн.
Пилосос Philips fc 9174,"Київ, Печерський",3 500 грн.
Пилосос Thomas twin Tiger,"Харків, Київський",3 500 грн.
"Пилосос б/у, в чудовому стані",Острог,1 700 грн.
Пилосос для вікон Karcher WV6 premium,"Київ, Дніпровський",4 000 грн.
Пилосос для сухого прибирання Hoover BV50HM 011,"Харків, Київський",2 100 грн.
ТОП,"Львів, Шевченківський",150 грн.
ТОП,Іршава,8 500 грн.
ТОП,Нововолинськ,33 999 грн.
Пилосос Philips,Тернуватий Кут,3 000 грн.
Пилосос автомобільний BLACK & DECKER Auto Dustbuster 12 V,"Київ, Деснянський",200 грн.
Пилосос акумуляторний Philips agua plus,"Київ, Дніпровський",12 450 грн.
Робот пилосос Rowenta S75 RR7687,"Київ, Голосіївський",5 000 грн.
ТОП,"Київ, Печерський",27 945 грн.
ТОП,"Львів, Франківський",13 750 грн.
ТОП,"Київ, Дарницький",150 грн.
Автопилосос / Автомобільний пилосос High-power Vacuum Cleaner Portable,"Львів, Залізничний",215 грн.
"Оренда/прокат.Шліфувальна машинка, ЖИРАФ. .Порохотяг.Пилосос.",Тернопіль,Тернопіль
Робот Пилосос Rowenta X-Plorer Serie 20,Дрогобич,1 550 грн.
Вуличний пилосос пылесос дуйка садовый Flymo GV750S,Турійськ,2 100 грн.
Пилосос для автомобіля Black&Decker ADV1200,Луцьк,950 грн.
Пилосос Cyclonic FORCE,Славута,800 грн.
ТОП,Тернопіль,19 400 грн.
ТОП,"Житомир, Житній ринок",650 грн.
"Робот пилосос,пылесос з НІМЕЧЧИНИ",Дрогобич,3 300 грн.
Пилосос Самсунг ідеальний стан,Полтава,2 300 грн.
Продам робот пилосос,Годилів,2 500 грн.
Автомобільний пилосос.,"Житомир, Богунський",100 грн.
Пилосос на запчастини,Ковель,300 грн.
Оренда Karcher пилосос хімчистка,"Київ, Дніпровський","Київ, Дніпровський"
Пилосос Carcher WD6P,Гостомель,6 500 грн.
Пилосос Аккумуляторний Panasonic,Ужгород,1 000 грн.
Пилосос Електролюкс,"Київ, Печерський",2 000 грн.
ТОП,Нововолинськ,5 490 грн.
Автомобільний пилосос,Чернігів,800 грн.
Пилосос AEG ( мішковий),Тернопіль,1 600 грн.
Пилосос cleanmaxc,Звенигородка,1 500 грн.
Пилосос Metabo asa32,"Львів, Сихівський",3 800 грн.
Пилосос sumsung з контейнером,"Львів, Шевченківський",2 920 грн.
Пилосос без мішка Rowenta Compact Power Cyclonic RO3786EA,"Київ, Голосіївський",1 828 грн.
Продам Пилосос AEG,Чернівці,2 500 грн.
Моючий пилосос,Букове,3 950 грн.
Пилосос під ремонт,Ніжин,300 грн.
Пилосос автомобільний Michelin Vehicle Vacuum Cleaner,"Львів, Шевченківський",2 000 грн.
Пилосос Samsung (Самсунг),"Дніпро, Центральний",2 699 грн.
ТОП,Рівне,7 499 грн.
ТОП,Миргород,1 499 грн.
ТОП,Чернівці,1 449 грн.
"Продам пилосос ""Буран""","Київ, Шевченківський",700 грн.
Продам новий пилосос  Audra Pufas,"Київ, Дарницький",1 500 грн.
Пилосос Phillips,Задубрівка,1 800 грн.
Вакуумний пилосос (акумуляторний) автомобільний,Чернівці,300 грн.
Пилосос Privileg,Задубрівка,1 875 грн.
Пилосос Rowenta City Space Cyclonic (пылесос без мешка),Горішні Плавні,1 299 грн.
Пилосос для вікон karcher,"Київ, Голосіївський",1 699 грн.
ТОП,Івано-Франківськ,100 грн.
ТОП,Бровари,830 грн.
ТОП,"Одеса, Київський",1 700 грн.
Пылесос для бассейна. Автоматичний робот-пилосос «Intex» 28005,"Харків, Шевченківський",3 899 грн.
Продам пилосос bosch unlimited 7,Суми,9 500 грн.
Пилосос з парогенератором Rowenta RY7557WH,"Київ, Подільський",2 400 грн.
Пилосос потужний 600 Вт для пульверизатора,Тернопіль,200 грн.
Продам пилосос б/у,Слобожанське,500 грн.
Пилосос Karcher AD 4 premium,Нововолинськ,3 799 грн.
Пилосос ELECTROLUX ZE 2272,Лісники,1 700 грн.
Бездротовий ручний пилосос Gorenje MVC72FW,Біла Церква,999 грн.
Автомобільний пилосос,Коломия,450 грн.
Пилосос Samsung б/у,"Вінниця, Ленінський",1 000 грн.
ТОП,Ходосівка,8 500 грн.
ТОП,"Львів, Шевченківський",4 450 грн.
ТОП,"Київ, Печерський",1 499 грн.
Міні пилосос для авто і меблів.,Самбір,300 грн.
Пилосос Gorenje в робочому стані,"Кривий Ріг, Саксаганський",700 грн.
Продам Пилосос Karher,Чернівці,3 000 грн.
Пилосос Dyson Робочий,Білозір'я,3 000 грн.
Пилосос автомобільний Rundong,"Київ, Дарницький",999 грн.
Акумуляторний пилосос,Луцьк,3 000 грн.
Пилосос Порохотяг,Івано-Франківськ,1 650 грн.
Пилосос festool ctl midi оригінал,Чернівці,8 800 грн.
Автомобільний пилосос,"Львів, Галицький",450 грн.
Миючий робот пилосос Roborock S5 max,"Київ, Голосіївський",5 000 грн.
ТОП,Софіївська Борщагівка,4 900 грн.
ТОП,"Дніпро, Новокодацький",10 500 грн.
ТОП,Тернопіль,16 500 грн.
Пилосос Bosch,Чернівці,2 000 грн.
Насадка пилосос rowenta для вологого прибирання,Луцьк,580 грн.
ТОП,Солідарне,480 грн.
Пилосос Miele німечинна,Дрогобич,2 450 грн.
Пилосос Electrolux 2000W,Мукачеве,2 000 грн.
пилосос philips impact exel. на запчастини.,"Київ, Подільський",300 грн.
"Пилосос автомобільний «Торнадо» BA-53W 110 Вт, 3.5 кПа",Хмельницький,500 грн.
ТОП,Курилівка,8 000 грн.
ТОП,Нововолинськ,2 200 грн.
Пилосос швабра Aeg-Electrolux,Ворохта,1 250 грн.
Пилосос новий з Німеччини,Чернівці,3 500 грн.
Продам ПИЛОСОС самсунг у доброму стані.,Чернівці,950 грн.
Пилосос point 2000w Норвегія,Черкаси,1 800 грн.
Пилосос Dewalt dwh 205,Зозів,5 000 грн.
Автомобільний пилосос.,Полтава,1 250 грн.
Миючий пилосос Thomas,"Кропивницький, Подільський",4 050 грн.
Автомобільний бездротовий міні-пилосос,"Київ, Солом'янський",550 грн.
Пилосос Samsung 1400W,Дрогобич,800 грн.
Іграшковий робот-пилосос,"Київ, Оболонський",150 грн.
ТОП,Рівне,2 200 грн.
ТОП,"Харків, Індустріальний",3 800 грн.
ТОП,"Київ, Подільський",250 грн.
Пилосос з водним фільтром Karcher DS 5500,"Дніпро, Шевченківський",3 000 грн.
Пилосос на запчастини,Костопіль,500 грн.
Пилосос Karcher puzzi 8/1. Новий. Оригінал,Судова Вишня,17 400 грн.
Samsung sc8836 пилосос,Тернопіль,1 900 грн.
Ручиний пилосос Cleanmaxx,Рівне,1 620 грн.
Пилосос KALORIK сухе прибирання,Дрогобич,1 600 грн.
Новий електричний садовий пилосос,Рожнятів,1 450 грн.
Пилосос Rowenta безмішковий,"Житомир, Богунський",2 500 грн.
Продам пилосос робочий,Дрогобич,600 грн.
садовий пилосос-воздухлдуйка,"Дніпро, Шевченківський",1 500 грн.
Пилосос детский на батарейках. Состояние рабочее.,Полтава,200 грн.
ТОП,"Львів, Галицький",145 грн.
ТОП,Луцьк,8 999 грн.
Пилосос Philips 9352,"Вінниця, Ленінський",3 699 грн.
Потужний будівельний пилосос powerplus powx325,Розділ,8 200 грн.
Пилосос Rowena rh9471,"Київ, Солом'янський",5 500 грн.
Пилосос - Delonghi Penta (розбірка).,Нетішин,100 грн.
Пилосос Miele S8,Рівне,4 500 грн.
Продам пилосос Мілле,Чернівці,1 900 грн.
Пилосос Zelmer 919.0 ST з аквафільтром,Диканька,6 200 грн.
Пилосос для авто.,Кременчук,200 грн.
Миючий пилосос Tineco ifloor 3,Суми,5 500 грн.
Пилосос Rowenta,Калуш,800 грн.
ТОП,Ужгород,850 грн.
ТОП,Ірпінь,3 500 грн.
ТОП,"Одеса, Приморський",7 000 грн.
Пилосос робот без док станції,"Київ, Дніпровський",535 грн.
Пилосос Samsung 1300 мішковий,Черкаси,930 грн.
Новый Пылесос Rowenta 1900W Cyclonic Пилосос порохотяг,"Харків, Київський",3 500 грн.
Пилосос  ручний для дому.,"Одеса, Хаджибейський",500 грн.
Дитячий пилосос,Твіржа,300 грн.
Миючий пилосос Thomas twin,Винники,3 500 грн.
Робот пилосос,Свитазів,499 грн.
Миючий пилосос з аквафільтром BOSCH BWD41740,Ставище,8 000 грн.
Пилосос для сухого прибирання з мішком Karcher VC 2 Premium,Тернопіль,2 400 грн.
Пилосос-пароочищувач! У використанні був два рази! Господар виїхав,Патлаївка,6 000 грн.
ТОП,Великий Житин,12 000 грн.
ТОП,"Київ, Солом'янський",17 200 грн.
ТОП,Новояворівськ,2 800 грн.
ТОП,"Київ, Святошинський",2 350 грн.
ТОП,Гостомель,6 500 грн.
Пилосос автомобільний.,"Київ, Шевченківський",399 грн.
Потужний пилосос Zelmer,Верхівцеве,3 000 грн.
Пилосос в авто ручний,"Житомир, Крошня",200 грн.
Пилосос Crownberg CB-671,Фастів,550 грн.
Пилосос для діток,Березне,99 грн.
Пилосос акумуляторний для автомобіля,Болехів,500 грн.
ТОП,Вінницькі Хутори,3 399 грн.
ТОП,"Харків, Салтівський",242 грн.
ТОП,"Київ, Голосіївський",5 600 грн.
Пилосос PROGRESS з Німечини,Луцьк,800 грн.
Пилосос Samsung VC-5853,Біла Церква,1 200 грн.
"Пилосос Аудра, Audra, робочий 1977р.",Черкаси,750 грн.
Gardena Ergojet 3000 садовий пилосос повітродув,Ковель,3 700 грн.
Продам Пилосос Fakir,Чернівці,2 500 грн.
Продам пилосос  Samsung під ремонт,Чернівці,200 грн.
Пилосос Акомуляторний Panasonic Artlaland 2 in 1,Ужгород,1 100 грн.
Пилосос AEG,Коломия,1 999 грн.
Продам пилосос на запчастини,Луцьк,300 грн.
"Робот пилосос,пылесос з НІМЕЧЧИНИ",Дрогобич,3 300 грн.
ТОП,"Київ, Дарницький",5 011 грн.
Пилосос dirt devil,Дубно,1 300 грн.
Пилосос миючий Zelmer - запчастини.,Нетішин,400 грн.
Робот-пилосос миючий Xiaomi Vacuum Mop-Essential,"Київ, Солом'янський",3 545 грн.
"Автомобільний пилосос.Стан ідеальний, рік гарантії","Харків, Шевченківський",300 грн.
Супер пилосос Kirby,Ірпінь,5 000 грн.
Продам пилосос LG,"Львів, Галицький",1 400 грн.
Пылесос витязь СССР моющий миючий пилосос Томас thomas делонги зелмер,Суми,1 000 грн.
ТОП,"Дніпро, Соборний",250 грн.
ТОП,Полтава,2 600 грн.
ТОП,"Запоріжжя, Шевченківський",2 000 грн.
Автомобільний пилосос,Дрогобич,315 грн.
Продам пилосос не працює.,Небелиця,1 000 грн.
Ротобот-пилосос Xiaomi,Курилівка,8 000 грн.
Вертикальний пилосос Deerma,"Київ, Солом'янський",900 грн.
Baseus пилосос для авто,Яворів,750 грн.
Пилосос аквафільтр ZELMER ZVC 722 STUA (829.0 ST),"Київ, Святошинський",3 599 грн.
Потужний пилосос Базеус А3 Baseus A3 vacuum cleaner,"Дніпро, Соборний",2 400 грн.
Пилосос Zelmer Clarise Twist,"Київ, Оболонський",1 500 грн.
Пилосос Samsung SC4130,"Київ, Солом'янський",1 300 грн.
Пилосос дитячий .,"Житомир, Богунський",300 грн.
ТОП,"Харків, Салтівський",242 грн.
ТОП,"Кропивницький, Фортечний",11 499 грн.
ТОП,Гришківці,6 200 грн.
Пилосос БУШ привезений з Англії,Чукалівка,250 грн.
Продам пилосос ...,Городенка,555 грн.
Автомобільний пилосос для сухого та вологого прибирання,"Одеса, Київський",480 грн.
Пилосос Zelmer,Іванів,1 200 грн.
Порохотяг пилосос на відновлення або запчастини,Зубра,195 грн.
Пилосос Xiaomi Deerma dx900,Черкаси,700 грн.
Продається Пилосос .,"Львів, Шевченківський",1 900 грн.
Автомобільний пилосос Black&Decker,Петропавлівська Борщагівка,1 400 грн.
ТОП,Ізмаїл,8 500 грн.
ТОП,Нововолинськ,5 100 грн.
ТОП,Нові Петрівці,890 грн.
Пилосос philips fc8388,"Київ, Шевченківський",300 грн.
Пилосос Laresar Elite 3,Рівне,5 000 грн.
Автомобільний пилосос,Високий,400 грн.
Пилосос Concept VP-5200,"Київ, Деснянський",1 700 грн.
Потужний пилосос 3500 ват з колбою без мішка,"Київ, Дніпровський",1 864 грн.
Професійний пилосос-екстрактор для хімчитски WD-602,"Харків, Салтівський",14 000 грн.
Пилосос Karcher,Чернівці,3 500 грн.
пилосос 1000 ват малогабаритний,Тернопіль,1 030 грн.
Садовий пилосос BOSH,Суми,3 000 грн.
Пилосос без гарантіі,Гатне,5 000 грн.
ТОП,"Кривий Ріг, Центрально-Міський",6 800 грн.
ТОП,"Миколаїв, Центральний",650 грн.
ТОП,"Одеса, Київський",2 800 грн.
Пилосос екстрактор Zelmer ZVC 762 ST,Полтава,3 300 грн.
ТОП,Луцьк,3 800 грн.
ТОП,Скнилів,3 500 грн.
ТОП,Христинівка,3 299 грн.
Професійний пилосос Kirby Sentria,Боярка,8 000 грн.
Пилосос дитячий rowenta,"Дніпро, Соборний",700 грн.
Будівельний пилосос,Чернівці,3 100 грн.
Пилосос Samsung SC5610,Миргород,550 грн.
Пилосос-гребінець  для тварин,"Дніпро, Індустріальний",470 грн.
Пилосос Miele порохотяг,Комарно,1 800 грн.
Пилосос ручний,Рованці,1 000 грн.
Пилосос ARIETE 2770,Софіївська Борщагівка,300 грн.
Пилосос самсунг.,Паланки,1 100 грн.
Пилосос ROWENTA RO4886EA,Буча,3 500 грн.
Пилосос для авто на акамуляторі,Давидківці,320 грн.
Продам пилосос Rowenta air force,Безлюдівка,1 000 грн.
Пилосос VITEK VT-1831.,Теребовля,1 000 грн.
Портативний пкумуляторний пилосос Cleanmaxx,Олександрія,450 грн.
Бездротовий Пилосос Karcher VC 4s Cordless Акумуляторний,"Київ, Шевченківський",3 999 грн.
Пилосос Philips FC8732,Холодновідка,950 грн.
миючий пилосос,Коростень,3 000 грн.
ТОП,Нововолинськ,7 990 грн.
ТОП,Корець,70 грн.
ТОП,"Одеса, Приморський",2 300 грн.
Пилосос Karcher vc3 безмішковий,Стрілковичі,4 699 грн.
Пилосос промисловий,Сміла,3 000 грн.
Ручний пилосос Karcher VC 5,Лішня,4 600 грн.
Пилосос zelmer meteor 2 1600W,Івано-Франківськ,2 000 грн.
Пилосос без мішка BOSCH BGS05A225,Ніжин,2 500 грн.
Пилосос дитячий,Тернопіль,200 грн.
Робот пилосос для бассейна intex zx 300,Виноградів,3 100 грн.
Пилосос Томас  Бачок коробка з фільтрами,Полтава,500 грн.
Пилосос  LG,"Вінниця, Ленінський",1 000 грн.
Пилосос Gorenje сухе прибирання,Тернопіль,1 830 грн.
Миючий пилосос Bosch AquaWashCleanSerie 4,Чернівці,5 500 грн.
Milwauke M18 CPDEX  пилосос для перфоратора Мілвоке,Ковель,3 800 грн.
Зручний автомобільний пилосос для сухого і волого прибирання в салоні,"Київ, Дніпровський",1 374 грн.
Пилосос VOIN 280,"Одеса, Київський",350 грн.
Робот пилосос новий.,Красний Бір,3 600 грн.
Автомобільний пилосос Baseus A1,Чернігів,595 грн.
Садовий пилосос Einhell GC-EL3024E комплектний,Нововолинськ,1 499 грн.
Робот-пилосос Samsung Bespoke Jet Bot VR30T80313W,"Одеса, Київський",7 500 грн.
ТОП,Шепетівка,1 665 грн.
ТОП,Ковель,18 999 грн.
Пилосос Samsung.,"Вінниця, Замостянський",2 300 грн.
Пилосос самсунг,"Львів, Сихівський",3 000 грн.
Пилосос Bosch для сухого прибирання,Тернопіль,3 000 грн.
"Оренда інструмента,прокат інструмента,пилосос,плиткоріз,оренда вібропл",Стрий,Стрий
Пилосос Kercher Original WD3 v,Івано-Франкове,2 899 грн.
Пилосос    Miele,Молодятин,3 300 грн.
Пилосос ручний Elekta,"Київ, Подільський",750 грн.
Продам б/у пилосос-Evrotec.-80грн.,Тернопіль,80 грн.
Пилосос Cocotec Conga Rockstar 8500 Infinity ErgoWet Animal,"Київ, Голосіївський",14 000 грн.
Акумуляторний пилосос Electrolux EERC73EB,Тульчин,2 050 грн.
Пилосос акумуляторний Dyson V11 Absolute,"Київ, Дарницький",13 500 грн.
Пилосос Bosch BGS05A225,"Львів, Сихівський",2 737 грн.
Пилосос ручний,Пустомити,400 грн.
ТОП,Рівне,1 300 грн.
ТОП,Полуботки,1 375 грн.
ТОП,Гришківці,2 500 грн.
Вертикальний бездротовий пилосос Philips Speed Pro FC6723,Гришківці,5 950 грн.
На ЗАПЧАСТИ пилосос в авто,Кременчук,100 грн.
Дуйка для листя Садовий пилосос powerplus powxg4038,Розділ,2 800 грн.
Makita безщітковий акумуляторний пилосос Макіта,Ковель,5 500 грн.
Центральний пилосос BEAM,Скнилів,2 500 грн.
Потужний водяний пилосос,"Київ, Дніпровський",1 500 грн.
Миючий пилосос THOMAS TWIN tt,"Дніпро, Новокодацький",3 800 грн.
Миючий пилосос Rowenta,"Київ, Солом'янський",2 999 грн.
Пилосос Samsung б/у,Червоноград,600 грн.
Пилосос Bosch миючий,Дрогобич,4 500 грн.
ТОП,Ковель,3 200 грн.
ТОП,"Київ, Оболонський",6 000 грн.
ТОП,Суми,900 грн.
Автомобільний пилосос,Кременчук,470 грн.
Пилосос Samsung,Гатне,2 000 грн.
Пилосос Deerma VC20 Rro,"Київ, Святошинський",1 000 грн.
Пилосос Zanussi ZAN2310,Охтирка,1 500 грн.
Пилосос samsung,Ярмолинці,1 500 грн.
ТОП,"Миколаїв, Заводський",9 000 грн.
ТОП,Рівне,9 150 грн.
ТОП,"Київ, Дніпровський",12 450 грн.
Miele пилосос,"Львів, Сихівський",2 600 грн.
Автомобільний ручний пилосос,"Київ, Оболонський",250 грн.
Пилосос  Rowenta,Задубрівка,1 850 грн.
Пилосос італійський,Чернівці,1 350 грн.
"Пилосос вертикальний, порохотяг, пилосмокт, пылесос","Київ, Дарницький",1 500 грн.
Пилосос Karcher t7/1 classic/t10 пылесос кершер керчер,"Львів, Шевченківський",4 500 грн.
Пилосос вживаний,"Київ, Святошинський",500 грн.
Садовий пилосос Einhell Venturro 36V,Коломия,3 000 грн.
Безмішковий потужний пилосос Samsung,"Київ, Святошинський",2 000 грн.
Ручний пилосос Dyson Outsize Plus SV29 Nickel,"Київ, Голосіївський",19 900 грн.
Пилосос Dyson Gen5 Outsize Absolute,"Київ, Святошинський",27 500 грн.
Пилосос метабо професійний бу,Коцюбинське,4 300 грн.
"Пилосос Vacmaster VQ1530SFDC нержавіюча сталь, 1500 Вт, 30 л",Рава-Руська,4 300 грн.
Пилосос Rowenta,Золота Поляна,2 196 грн.
Boshc пилосос хороший помічник по дому,"Житомир, Вокзал",5 000 грн.
Пилосос вертикальний Miele,Тернопіль,520 грн.
Пилосос  порохотяг,Івано-Франківськ,1 500 грн.
Робот-пилосос Samsung,Чернівці,9 499 грн.
ТОП,"Запоріжжя, Дніпровський",350 грн.
ТОП,Хмельницький,9 000 грн.
ТОП,"Вінниця, Замостянський",8 500 грн.
Пилосос акумуляторний,Мамаївці,1 200 грн.
Будівельний пилосос Текман,Віжомля,4 499 грн.
Миючий пилосос Rowenta,"Київ, Святошинський",2 500 грн.
Пилосос Bosch бу,"Кривий Ріг, Тернівський",4 500 грн.
Пилосос Samsung 1400W,Чернівці,1 050 грн.
Продам пилосос автомобільний Belauto ba53 tornado,Полтава,380 грн.
Пилосос фірми зелмер продаю бо переїжаю,Стебник,3 000 грн.
Пилосос Lg V-C7920HQ,"Київ, Деснянський",1 450 грн.
Пилосос gorenje vck 1500ea,"Львів, Залізничний",200 грн.
Пилосос Thomas Multi Cyclone Pro 14,Малехів,3 222 грн.
"Пилосос в машину, бездротовий працює на акумуляторі",Трускавець,197 грн.
Пилосос Samsung 1500 W,"Київ, Деснянський",1 250 грн.
ТОП,Люботин,2 400 грн.
ТОП,"Київ, Дарницький",10 000 грн.
ТОП,"Львів, Галицький",350 грн.
ТОП,Гришківці,5 950 грн.
Пилосос triathlon 1400 турбо,Білогородка,1 500 грн.
Пилосос Bosch Series 2,Рівне,2 000 грн.
Пилосос до машини Rowenta,Градівка,300 грн.
Продам пилосос для дому,Луцьк,900 грн.
Пилосос Thomas Twin Sigma 1788559,Годилів,6 755 грн.
Пилосос Xiaomi Mi Vacuum Cleaner Light,"Одеса, Хаджибейський",2 000 грн.
"Пилосос Чайка-3,  1974 р.в",Полтава,500 грн.
Продам старий фотоапарат пилосос,Біла Церква,399 грн.
Пилосос вживаний.,"Вінниця, Замостянський",700 грн.
Пилосос Karcher б/в,Івано-Франківськ,1 500 грн.
Пилосос Hoover tcu-1410,"Київ, Дніпровський",600 грн.
Пилосос автомобільний.,"Київ, Шевченківський",399 грн.
ТОП,Червоноград,24 000 грн.
ТОП,"Одеса, Київський",2 360 грн.
"Продається пилосос акумуляторний , безпровідний",Рівне,1 850 грн.
Колбовий пилосос для сухого прибирання на 3500 ват без мішка,Полтава,1 870 грн.
"Пилосос,пылесос, пилосос Samsung",Біла Церква,300 грн.
Пилосос з мішком Severin BC 7045,Чечелеве,2 500 грн.
Робот пилосос Lenovo,Минай,3 300 грн.
Пилосос дитячий б/у,Струмівка,200 грн.
Новий! Пилосос Bosch Hogar Flexxo Serie 4,Ворохта,6 590 грн.
Пилосос Gorenje,"Київ, Дарницький",1 990 грн.
Пилосос Томас Twin T2,Рівне,3 750 грн.
пилосос tineco floor one s3,Черкаси,10 000 грн.
ТОП,"Київ, Печерський",6 500 грн.
ТОП,Нересниця,1 800 грн.
ТОП,Миколаїв Жовтневий,29 000 грн.
Пылесос для машины лёгкий маленький Пилосос для машини,"Запоріжжя, Олександрiвський",1 200 грн.
Пилосос Філіпс 1900,Хуст,250 грн.
"Вітродуйка, садовий пилосос",Несвіч,1 500 грн.
Пилосос акумуляторний Karcher CVH 2 Premium 1.198-421.0 black/white,Бровари,3 700 грн.
ТОП,"Запоріжжя, Дніпровський",350 грн.
ТОП,Софіївська Борщагівка,7 000 грн.
ТОП,"Київ, Деснянський",4 500 грн.
Пилосос Thomas Twin Tiger,Софіївська Борщагівка,4 000 грн.
Пилосос LG Electronics ТurboMax,"Дніпро, Індустріальний",1 600 грн.
Пилосос миючий Thomas,Саливонки,7 000 грн.
пилосос Філіпс нерабочий,Івано-Франківськ,250 грн.
Пилосос без мішка Philips FC9334/09,"Київ, Печерський",3 000 грн.
"Пилосос  ""Vitek""",Прилуки,1 550 грн.
Пилосос edeka,Івано-Франківськ,1 100 грн.
Пилосос Dyson dc22,Угринів,2 700 грн.
Пилосос РАКЕТА 77,Хмельницький,500 грн.
Пилосос Dirt Devil,Ківерці,1 500 грн.
ТОП,Черкаси,8 500 грн.
ТОП,Кременчук,11 000 грн.
ТОП,Ковель,9 099 грн.
Миючий пилосос для хімчистки Thomas Prestige 20S Німеччина,Рівне,6 000 грн.
Пилосос Lg hippo,Красноград,2 000 грн.
Продам пилосос Кірбі,"Одеса, Приморський",8 000 грн.
Karcher професійний пилосос,Івано-Франківськ,8 800 грн.
Продам пилосос roventa turbo,"Київ, Святошинський",1 000 грн.
Робот пилосос Xiomi,Первомайськ,2 500 грн.
Пилосос miele Swing H1,Рівне,2 000 грн.
Пилосос Xiaomi 50000PA автомобільний!,Ужгород,1 200 грн.
Пилосос PROGRESS з Німечини,Луцьк,800 грн.
Пилосос Самсунг 1600w,Павлоград,1 000 грн.
ТОП,"Запоріжжя, Дніпровський",3 500 грн.
ТОП,"Київ, Голосіївський",4 500 грн.
ТОП,Нересниця,2 400 грн.
Порохотяг (пилосос).,Городенка,1 400 грн.
Парова швабра пилосос 2-1 Rowenta,Борислав,3 000 грн.
Пилосос philips triathlon 2000,"Одеса, Київський",1 500 грн.
Пилосос Новий Grant,Рожівка,1 525 грн.
Продам пилосос Einhell,"Київ, Печерський",2 000 грн.
Пилосос - швабра,"Вінниця, Староміський",1 500 грн.
Пилосос Samsung по запчастинах,Глибока,200 грн.
пилосос миючий thomas,"Кропивницький, Фортечний",4 000 грн.
Миючий робот-пилосос,"Вінниця, Ленінський",3 500 грн.
Продам робот пилосос Vilo,"Харків, Шевченківський",1 500 грн.
ТОП,"Миколаїв, Центральний",4 500 грн.
ТОП,Рівне,2 750 грн.
ТОП,Сміла,2 000 грн.
Міні авто пилосос,Хмельницький,250 грн.
Пилосос Дайсон-V6 акумуляторний,Круглик,3 950 грн.
Пилосос AquAwash&Clean від BOSH,Смига,8 000 грн.
Пилосос побутовий з Німеччини,Чернівці,1 500 грн.
"Автомобільний пилосос 4 в 1 Пилосос, насос, ліхтарик",Степова,799 грн.
1400 Вт Пилосос для вологого та сухого прибирання будівельний,Чернівці,3 100 грн.
Миючий пилосос Bosch bwd41740,"Житомир, Міськмолзавод",4 400 грн.
Пилосос rowenta silence force пылесос,Богуслав,1 500 грн.
Продам Пилосос PHILIPS,Чернівці,2 500 грн.
Садовий пилосос florabest flb 2500 a2,Соснівка,1 000 грн.
ТОП,Мукачеве,5 150 грн.
ТОП,Ужгород,7 599 грн.
ТОП,Ковель,3 900 грн.
Пилосос без мішка Dirt Devil,"Кривий Ріг, Саксаганський",1 600 грн.
Повітродувка-пилосос Bosch UniversalGardenTidy 3000,"Київ, Оболонський",3 300 грн.
Пылесо Пилосос Thomas Perfect Air,Новомосковськ,3 200 грн.
Пилосос автомобільний,Бородянка,230 грн.
Робот пилосос(новий),Коростень,249 грн.
Без мішковий пилосос,Кам'янка-Бузька,1 700 грн.
Акумуляторний пилосос makita dcl182 zb (без акб),Івано-Франківськ,1 700 грн.
ТОП,"Київ, Дарницький",199 грн.
ТОП,Христинівка,3 299 грн.
ТОП,Гришківці,5 950 грн.
Пилосос Philips,Чернівці,3 000 грн.
Увага!!! Пилосос для вікон Karcher wv5 plus,Полтава,2 600 грн.
Пилосос Philips Performer Active FC 8577,Вовчинець,1 999 грн.
Пилосос марки Zelmer,Бровари,450 грн.
Миючий пилосос bosch (б/в),"Київ, Голосіївський",5 500 грн.
Пылесос пилосос Bosch миючий,"Кривий Ріг, Саксаганський",5 300 грн.
Продається пилосос AEG,Івано-Франківськ,1 400 грн.
Продам пилосос AEG,Щирець,1 999 грн.
Dewalt dcv501hb пилосос оригінал із США,Івано-Франківськ,5 899 грн.
Миючий робот-пилосос Ecovacs Deebot  x1 Omni,"Київ, Дарницький",20 000 грн.
ТОП,"Львів, Галицький",25 200 грн.
ТОП,Нововолинськ,5 750 грн.
ТОП,Бровари,3 199 грн.
Віконний пилосос KARCHER,"Київ, Дарницький",2 150 грн.
Робот - Пилосос,"Київ, Подільський",350 грн.
Робот-пилосос миючий Rowenta RR8577WH,"Київ, Дарницький",8 500 грн.
Пилосос томас тт 2в1,Рівне,2 750 грн.
Пилосос із німечинни,Гніздичів,3 500 грн.
Пилосос Bosch Aqva Wash,Чернігів,7 000 грн.
Продам Пилосос...,Цумань,300 грн.
Автомобільний пилосос,Чернівці,449 грн.
Продам пилосос sparky,"Київ, Святошинський",2 000 грн.
Пилосос б/у tdlex,Карнаухівка,400 грн.
Пилосос Zelmer( миючий),Мала Виска,1 500 грн.
Продам пилосос MIELE S2131,Рівне,3 000 грн.
Пылесос пилосос Тайфун,Сміла,350 грн.
Турбощітка на пилосос Samsung (Самсунг),"Дніпро, Центральний",350 грн.
Продається пилосос - пароочисник,Дрогобич,2 000 грн.
Продам новий пилосос самсунг,Луцьк,4 100 грн.
Пилосос Zelmer Aquawelt 1700w Зелмер 1700 ват,Кам'янець-Подільський,4 000 грн.
"Пилосос, акумулятори пилосос",Луцьк,1 500 грн.
Пилосос акумуляторний Karcher  FC5,Щирець,5 500 грн.
Акумуляторний пилосос,Бровари,3 200 грн.
ТОП,Старокостянтинів,2 000 грн.
ТОП,Дарахів,6 500 грн.
ТОП,"Харків, Новобоварський",8 500 грн.
Садовий пилосос oswald,"Харків, Основ'янський",20 000 грн.
"Philips FC9331 пилосос, порохотяг",Меденичі,2 300 грн.
Автомобільний пилосос,Полтава,350 грн.
Пилосос Saturn б/у у гарному стані,Піски,1 050 грн.
Пилосос не робочий.рарітет.,Білозір'я,250 грн.
Пилосос електричний,Ковель,863 грн.
Продам пилосос в робочому стані філіпс,Острог,500 грн.
Пилосос Fakir.   .,Цумань,900 грн.
автомоб пилосос Шмель 4,Луцьк,500 грн.
Пилосос  Rowenta,Задубрівка,1 800 грн.
ТОП,"Київ, Деснянський",4 500 грн.
ТОП,Нові Петрівці,1 190 грн.
ТОП,Тинне,4 500 грн.
Пилосос Samsung VC-5853,"Київ, Дніпровський",1 300 грн.
Автомобільний пилосос X-2201,Чигиринське,200 грн.
Пилосос для авто,"Кривий Ріг, Тернівський",200 грн.
Продам пилосос SAMSUNG,Кам'янець-Подільський,500 грн.
"Пылесос LG, пилосос",Марганець,1 000 грн.
Електричний садовий пилосос Stihl SHE 81,"Київ, Оболонський",5 200 грн.
"Витяжка для манікюру, пилосос SML C1 68 Вт із фільтром, deep pink",Полтава,1 414 грн.
Пилосос миючий,Черкаси,2 900 грн.
Пилосос WD 3 ..Оригінал. гарантія,"Київ, Печерський",3 100 грн.
Пилосос для авто,Новояворівськ,900 грн.
ТОП,Чернігів,540 грн.
ТОП,Яворів,250 грн.
ТОП,Полтава,300 грн.
Пилосос автомобільний,"Вінниця, Замостянський",1 100 грн.
"Будівельний пилосос ""Metabo ASA 25 L PC""",Обухівка,5 800 грн.
Пилосос Днiпр-М Циклон,"Київ, Оболонський",3 300 грн.
Пилосос ручний,"Київ, Печерський",1 800 грн.
"Пилосос Samsung SC 4180,4181 ремонт, запчастини",Хмельницький,200 грн.
Пилосос Samsung на запчастини,Старий Косів,250 грн.
Автомобільний пилосос Thisworx,Тернопіль,600 грн.
Пилосос ручний .Новий,Бориспіль,450 грн.
Робот пилосос Samsung Powerbot,"Харків, Київський",3 000 грн.
Пилосос Dirt Devil,Дрогобич,300 грн.
ТОП,"Дніпро, Соборний",200 грн.
ТОП,Черкаси,8 888 грн.
ТОП,"Київ, Деснянський",1 900 грн.
Пилосос hoover lander,"Запоріжжя, Олександрiвський",2 300 грн.
Пилосос Delonghi Colombia class,Сопів,1 800 грн.
Пилосос  Bosh Bagless 1800watt,"Київ, Голосіївський",1 299 грн.
Пилосос Samsung SC4047,Кременчук,1 100 грн.
"Пылесос самсунг, пылесос samsung, пилосос","Запоріжжя, Комунарський",1 800 грн.
Пилосос PHILIPS Норвегія,Черкаси,1 100 грн.
Пилосос в ідеальному стилі,Ладижин,10 000 грн.
Пилосос Gorenje VCEA02GALWCY,"Вінниця, Ленінський",4 000 грн.
Робот пилосос iLife,"Дніпро, Новокодацький",1 700 грн.
Пилосос аудра продам,"Кропивницький, Подільський",250 грн.
ТОП,Вишневе,8 000 грн.
ТОП,"Львів, Сихівський",1 799 грн.
ТОП,"Київ, Печерський",7 950 грн.
Karcher wv 5 plus n керхер пилосос для миття вікон,Луцьк,2 500 грн.
Миючий пилосос Zelmer ZVC752ST,Прилуки,4 500 грн.
Паровий пилосос  Polti 710,"Київ, Оболонський",12 300 грн.
Продам вертикальний пилосос Rowenta jutro,Івано-Франківськ,3 000 грн.
Робот пилосос Rowenta serie 40,"Київ, Дніпровський",3 400 грн.
Пилосос TACKlife з обдувом,Чернівці,3 000 грн.
Пилосос автомобільний безпровідний,Чернігів,300 грн.
Продам пилосос,Тальне,100 грн.
Пилосос на запчастини saturn,Івано-Франківськ,400 грн.
Продам пилосос Samsung,Івано-Франківськ,1 400 грн.
